rB,parameter,S1_median,S1_lo95,S1_hi95,ST_median,ST_lo95,ST_hi95
1.0,MS,0.0007319861842057892,-0.0008012228786537227,0.002265195247065301,0.008075106609562625,-0.008499805109910163,0.024650018329035413
1.0,GS,0.02824829341245307,-0.030770753030386237,0.08726733985529238,0.5711980983481554,0.09409280224563171,1.048303394450679
1.0,S,0.1526793647510517,-0.14788389698621884,0.45324262648832225,0.8841821545826763,-0.09822728344456255,1.8665915926099153
1.0,CFB,0.0014072761538763401,-0.003990807266183151,0.0068053595739358316,0.024133454202909244,-0.03653611266977844,0.08480302107559692
1.0,CFF,0.08536722542113083,-0.05345449083064406,0.2241889416729057,0.6597347092355449,-0.2786172178322093,1.598086636303299
