rB,parameter,S1_median,S1_lo95,S1_hi95,ST_median,ST_lo95,ST_hi95
1.16,MS,-0.0009602037088366668,-0.012496928092816958,0.010576520675143626,0.0025230016212368337,-0.021420411056597685,0.02646641429907135
1.16,GS,0.021360330459413077,-0.21632220258512488,0.25904286350395106,0.07956564345161776,-0.6120742697437002,0.7712055566469357
1.16,S,0.08911862857864854,-0.5086752527223222,0.6869125098796192,0.1908848449407637,-1.759986629659104,2.1417563195406313
1.16,CFB,-0.00035017476462177803,-0.009774728279147502,0.009074378749903947,0.002034203828052151,-0.01952989432526698,0.023598301981371278
1.16,CFF,-0.004340957624938102,-0.08420467271237762,0.07552275746250141,0.07178019683146412,-0.6322518806670334,0.7758122743299616
