parameter,S1_median,S1_lo95,S1_hi95,ST_median,ST_lo95,ST_hi95
cF,0.022256483045123884,0.010257252909402569,0.0342557131808452,0.057982804498089145,0.03285059019942648,0.08311501879675182
GF,0.9156834660101599,0.5924175250347781,1.2389494069855418,0.9033665430854638,0.8161163284837216,0.990616757687206
