rB,parameter,S1_median,S1_lo95,S1_hi95,ST_median,ST_lo95,ST_hi95
0.0,MS,0.002587728936321275,-0.0006027169272974095,0.005778174799939959,0.0592382195556608,-0.008626442718148199,0.1271028818294698
0.0,GS,0.05641490003861318,-0.0017352165476684778,0.11456501662489484,0.4970862137690046,0.2556512040083447,0.7385212235296645
0.0,S,0.23216415161678783,0.030050243881918015,0.43427805935165764,1.2786674731764711,0.24916757016274826,2.3081673761901937
0.0,CFB,0.001431406169598854,-0.0001683601138575152,0.003031172453055223,0.015810546722183804,-0.0021605456543373966,0.033781639098705005
0.0,CFF,0.1455367472229452,-0.04663489575509375,0.3377083902009842,40.71816097973186,-32.53968191681963,113.97600387628336
