rB,parameter,S1_median,S1_lo95,S1_hi95,ST_median,ST_lo95,ST_hi95
3.0,MS,0.0010177593253060668,-0.001573585664152785,0.0036091043147649187,0.009891284665613212,-0.005648597344252217,0.025431166675478643
3.0,GS,0.09149162396148039,-0.08366865039860905,0.2666518983215698,2.91651665650085,-3.1302608690023286,8.963294182004027
3.0,S,0.0883547796310842,-0.039060312300295094,0.21576987156246347,0.7145958909229946,0.0784329977938607,1.3507587840521285
3.0,CFB,0.0004979037985079704,-0.0010968853225825242,0.0020926929195984652,0.004877224448829806,-0.001430290468725958,0.01118473936638557
3.0,CFF,0.003757837082551175,-0.006751575650331055,0.014267249815433404,1.1081781508513127,-0.033221574520854835,2.24957787622348
