rB,parameter,S1_median,S1_lo95,S1_hi95,ST_median,ST_lo95,ST_hi95
2.0,MS,0.0024468549346394744,-0.003498014953600817,0.008391724822879766,0.32687313118629086,-0.3169404835863579,0.9706867459589397
2.0,GS,0.9235959326725192,-1.0664333008443336,2.913625166189372,383.79006153175226,-461.9629311840605,1229.5430542475651
2.0,S,0.688694739287576,-0.13409964976261368,1.5114891283377656,6.008359160509768,-3.2025957728608727,15.219314093880408
2.0,CFB,-0.0008966936420069897,-0.004144688972486533,0.0023513016884725534,0.011946440773762624,0.0010477189382451565,0.022845162609280094
2.0,CFF,0.03328547954322844,0.0019826342574265424,0.06458832482903035,0.5338842914048105,0.17711229262529055,0.8906562901843305
